Time_ms,T_C,P_Pa,Alt_m,AccX_mss,AccY_mss,AccZ_mss,GyroX_rads,GyroY_rads,GyroZ_rads,MagX_raw,MagY_raw,MagZ_raw,PYRO
1373,25.28791,101508.74219,-0.67098,-5.39433,-1.47249,-8.03044,1.64056,1.57238,0.98860,24,5,-292
1399,25.34331,101505.25000,-0.37045,-3.68481,-1.76698,-7.11103,3.48352,0.93746,2.10716,24,19,-309
1429,25.38618,101508.53125,-0.65282,-2.44936,-6.07670,-7.61383,5.63329,0.03622,1.74283,41,1,-281
1459,25.42364,101508.98438,-0.69182,-1.01997,-5.48771,-13.92757,2.07946,0.30254,0.27911,66,-11,-255
1488,25.45958,101509.25000,-0.71468,-1.62333,-4.34563,-8.07354,-0.50708,0.43251,-0.71375,73,8,-259
1518,25.49216,101507.14062,-0.53315,-1.82445,-2.99525,-8.28184,0.32385,0.29189,-0.54543,76,0,-255
1547,25.52039,101510.82812,-0.85048,-1.04870,-2.67921,-9.81179,-1.46585,0.01065,-0.10653,78,7,-267
1577,25.54915,101509.27344,-0.71669,-1.37193,-4.10860,-8.53324,-3.34290,-0.98860,-0.06392,68,-6,-267
1606,25.57170,101507.50781,-0.56475,-0.89786,-4.46774,-9.69686,-2.23073,-1.10152,0.01278,51,-4,-293
1636,25.59327,101507.69531,-0.58089,-1.01278,-3.34721,-10.42951,-1.54468,-0.40055,-0.62853,35,-5,-302
1665,25.61293,101511.65625,-0.92174,-1.83163,-1.10616,-9.68250,-0.17684,0.32385,-1.00564,25,-2,-304
1695,25.62902,101509.54688,-0.74022,-1.93219,-0.16521,-10.55881,-0.35794,0.42612,-0.87994,23,5,-304
1724,25.64650,101510.61719,-0.83233,-2.53555,0.03591,-8.94266,-1.10791,0.24502,-0.27485,27,15,-311
1754,25.65890,101512.97656,-1.03536,-2.40626,0.28731,-9.92671,-0.16406,-0.20880,-0.00639,19,11,-312
1784,25.67215,101512.02344,-0.95334,-1.74544,0.05028,-11.26273,-0.78832,-0.24502,0.35368,15,-2,-297
1813,25.68297,101513.25000,-1.05889,-1.43657,-0.97687,-9.89798,-1.24427,0.04900,0.57739,12,13,-315
1843,25.69682,101511.81250,-0.93519,-0.36633,-2.14768,-10.26431,-0.98433,-0.19601,0.44316,-252,2,-323
1872,25.70592,101517.71094,-1.44275,-0.58181,-1.22109,-10.51571,-0.03196,-0.70736,-0.31107,-1,10,-322
1902,25.71476,101512.51562,-0.99569,-0.95532,0.04310,-12.30424,0.57526,-0.36007,-0.28976,-6,7,-311
1931,25.72168,101512.88281,-1.02729,-1.16362,-0.08619,-11.19808,0.15127,0.41973,0.00852,-3,9,-315
1961,25.72795,101514.03906,-1.12679,-0.98405,-0.80448,-9.07914,0.08096,0.57313,0.21519,-3,11,-314
1990,25.73501,101514.89844,-1.20074,-0.87631,-1.09898,-8.31057,-0.09162,0.33663,0.26632,-4,1,-306
2020,25.74233,101510.53125,-0.82493,-0.72547,-1.07743,-8.86365,-0.32385,-0.06179,0.07670,-4,6,-320
2050,25.75143,101514.02344,-1.12544,-0.75420,-0.58181,-9.59630,-0.43251,-0.21519,-0.11079,-2,9,-320
2079,25.75308,101511.89844,-0.94258,-0.81166,-0.38787,-10.17811,-0.66048,-0.27059,-0.10653,-1,10,-318
2109,25.75928,101514.28125,-1.14763,-1.10616,-0.45970,-8.92830,-0.48364,-0.15127,-0.01918,-5,11,-325
2138,25.76383,101510.93750,-0.85989,-0.87631,-0.47407,-9.87644,0.23223,0.03835,0.23010,-13,11,-323
2178,25.75308,101513.60938,-1.08981,-0.89786,-0.37351,-9.79742,-0.07670,-0.07031,-0.10653,-17,8,-318
2207,25.75499,101514.34375,-1.15300,-1.22109,-0.02873,-9.25153,0.08309,-0.12784,-0.08735,-12,-5,-311
2237,25.76304,101516.20312,-1.31300,-1.06306,-0.07901,-9.65377,0.34729,-0.16832,-0.01704,-11,6,-321
2266,25.76831,101515.42969,-1.24645,-0.96250,-0.17957,-9.28744,0.36646,-0.27485,-0.16193,-8,12,-321
2296,25.77221,101514.42188,-1.15973,-1.57305,-0.37351,-8.93548,0.78619,-0.42825,-0.23437,-5,1,-313
2325,25.77557,101512.83594,-1.02326,-1.53713,-0.49562,-9.38800,0.37285,-0.76275,-0.47299,255,0,-314
2355,25.78038,101513.43750,-1.07502,-1.54432,-0.88349,-7.73594,0.43038,-1.30605,-0.59017,6,3,-310
2384,25.78526,101515.29688,-1.23502,-1.70952,-1.34320,-8.00889,0.89911,-1.63843,-0.25993,6,-10,-302
2414,25.78790,101513.92969,-1.11737,-2.29852,-1.98247,-6.70161,1.87066,-1.51272,-0.15127,15,-25,-274
2443,25.79179,101516.58594,-1.34594,-3.16046,-3.22510,-5.55235,3.96290,-1.44454,0.25993,23,-29,-263
2473,25.79615,101512.96094,-1.03401,-4.02959,-4.52520,-6.36402,5.60559,-1.81953,0.61361,40,-31,-230
2502,25.79918,101515.34375,-1.23905,-6.17008,-5.15011,-8.56197,4.31445,-2.36070,1.00351,59,-46,-194
2532,25.80301,101519.92188,-1.63299,-4.75505,-4.99209,-8.56197,1.18461,-2.81878,0.65622,65,-54,-162
2562,25.80314,101517.30469,-1.40779,-5.80375,-5.04955,-6.30655,0.11718,-2.97218,0.40481,69,-62,-144
2591,25.80624,101512.70312,-1.01183,-6.45021,-5.25067,-6.90273,1.28475,-2.47575,0.57952,62,-69,-131
2621,25.80894,101513.84375,-1.10998,-6.40711,-5.35841,-6.76626,2.53967,-1.37210,0.50921,64,-78,-100
2650,25.81052,101515.36719,-1.24107,-6.96738,-5.83967,-5.86840,3.00201,-0.71162,0.58591,66,-72,-82
2680,25.81587,101519.65625,-1.61014,-6.46458,-7.29060,-4.05832,4.02469,-0.00852,0.85224,45,-76,-64
2709,25.81712,101516.43750,-1.33317,-6.66570,-8.30339,-2.75104,5.60559,0.44956,0.40268,43,-82,-37
2739,25.81771,101519.75781,-1.61888,-7.18286,-7.57792,-2.60020,5.88470,0.18962,0.32385,24,-83,-12
2768,25.82048,101518.34375,-1.49720,-6.96019,-7.76467,-0.65364,5.44793,0.25141,0.44956,-244,-85,15
2798,25.81870,101517.01562,-1.38292,-7.08230,-8.05199,0.68955,5.80374,0.23863,0.58165,-16,-84,39
2827,25.81883,101515.41406,-1.24510,-7.48454,-8.29621,2.07585,5.21143,-0.11931,0.66048,-51,-95,61
2857,25.82193,101518.04688,-1.47166,-6.80935,-9.96263,2.70794,5.12408,-0.52413,0.46447,-84,-83,59
2886,25.82352,101515.59375,-1.26057,-6.76626,-9.91235,3.60580,4.70648,-0.71588,-0.23863,-114,-77,62
2916,25.82253,101519.10938,-1.56308,-6.83090,-9.06477,3.74227,5.26470,-0.87141,-0.84158,-141,-79,66
2945,25.82411,101518.83594,-1.53955,-6.45021,-6.59387,1.98247,4.34641,-0.82241,-1.27836,-164,-74,68
2975,25.82483,101516.35156,-1.32578,-5.97614,-6.00487,1.52277,1.26344,-0.34729,-1.18674,-188,-73,63
3004,25.82372,101517.03906,-1.38493,-5.33687,-8.08790,2.49964,-2.01128,0.11931,-1.94736,-194,-71,73
3034,25.82405,101519.60156,-1.60543,-6.77344,-8.21719,4.76224,-1.74709,0.54543,-2.48853,-183,-83,73
3064,25.82405,101516.49219,-1.33788,-6.34247,-7.48454,1.24982,-1.94523,1.01416,-2.70798,-149,-76,56
3093,25.82695,101519.31250,-1.58056,-6.31374,-7.09667,0.02873,-3.97143,1.55107,-2.37348,-135,-79,49
3123,25.82668,101517.30469,-1.40779,-6.64415,-8.77027,1.19236,-5.98271,2.12846,-1.36358,-99,-88,35
3152,25.82741,101518.86719,-1.54224,-5.64573,-11.75116,2.56428,-5.61198,2.37774,-0.67753,-65,-87,7
3182,25.82464,101513.50781,-1.08107,-5.85403,-12.29706,2.03275,-5.27109,1.60860,-1.31884,-33,-91,-28
3211,25.82569,101520.82031,-1.71030,-5.09983,-10.38642,-0.19394,-5.30092,0.58591,-1.38489,253,-85,-55
3241,25.82800,101519.77344,-1.62022,-5.03519,-8.88520,0.39506,-5.16243,-0.34303,-1.11430,12,-85,-70
3270,25.82767,101518.07031,-1.47367,-4.47492,-7.74312,-1.82445,-4.80875,-1.44028,-0.51134,33,-71,-103
3300,25.82886,101517.47656,-1.42258,-4.09423,-6.85245,-4.56830,-5.39253,-2.10929,-0.30681,48,-67,-121
3329,25.82754,101517.57812,-1.43132,-4.01522,-6.47894,-6.93146,-6.28738,-2.48001,0.05113,46,-66,-152
3359,25.83031,101516.86719,-1.37014,-4.20197,-6.21318,-7.47018,-6.80086,-2.28613,0.03622,50,-72,-183
3388,25.82833,101518.29688,-1.49317,-4.54675,-5.03519,-7.36243,-5.53315,-1.94949,-0.11718,41,-70,-205
3418,25.82859,101517.03125,-1.38426,-4.91308,-3.72791,-8.42550,-4.64043,-1.40406,-0.55395,28,-73,-217
3448,25.82939,101513.39844,-1.07166,-5.30813,-2.52118,-7.60665,-4.88332,-1.03547,-0.45595,17,-84,-224
3477,25.82985,101513.34375,-1.06695,-5.82530,-1.52277,-6.42866,-4.71927,-1.14413,-0.70949,-250,-78,-252
3507,25.83156,101513.64062,-1.09250,-6.23472,-0.24422,-7.26906,-4.95576,-1.21018,-0.87994,-14,-79,-268
3536,25.83031,101512.58594,-1.00174,-6.60823,0.70392,-7.10385,-5.95075,-1.19526,-0.76275,-32,-83,-277
3566,25.83137,101511.42188,-0.90157,-7.05357,0.51717,-4.66886,-5.89322,-1.21018,-0.72227,-57,-81,-291
3595,25.83183,101507.32812,-0.54929,-6.60823,1.07025,-6.06952,-4.70861,-0.77127,-0.88420,-83,-91,-293
3625,25.83150,101513.93750,-1.11805,-7.19004,2.16922,-4.71196,-4.70009,-0.15766,-1.20379,-110,-92,-293
3654,25.83163,101514.20312,-1.14090,-7.80777,2.19796,-2.37034,-4.98559,-0.22584,-1.15691,-133,-97,-284
3684,25.83268,101513.81250,-1.10729,-8.07354,1.93937,-1.72389,-4.69796,-0.76914,-1.25492,-145,-94,-291
3713,25.83506,101518.53906,-1.51401,-8.12382,2.16204,-1.47249,-5.23274,-1.02055,-1.94523,-164,-100,-290
3743,25.83466,101520.32031,-1.66728,-8.84929,2.21950,0.35196,-4.84071,-1.13348,-2.28826,-182,-108,-276
3773,25.83275,101516.54688,-1.34258,-9.23716,2.28415,0.52435,-4.48490,-1.01842,-2.33726,-191,-111,-268
3802,25.83268,101516.30469,-1.32174,-10.12784,2.18359,1.27855,-3.93521,-1.05891,-2.72290,-199,-116,-256
3832,25.83394,101516.34375,-1.32510,-10.31459,1.74544,1.49404,-3.49844,-0.87141,-2.66963,-202,-124,-249
3861,25.83427,101519.84375,-1.62627,-9.48856,0.15084,0.88349,-2.76551,-0.53691,-2.55458,-200,-128,-235
3891,25.83163,101514.43750,-1.16107,-10.30022,-0.76857,0.60336,-2.34365,0.21732,-3.08723,-194,-129,-245
3920,25.83447,101521.51562,-1.77013,-11.40638,-0.87631,1.07743,-1.53829,1.15052,-3.14263,-183,-127,-250
3950,25.83361,101518.29688,-1.49317,-11.76553,-0.25858,1.17081,-0.56887,2.05602,-3.21507,-166,-117,-269
3979,25.83407,101517.31250,-1.40846,-12.57719,0.38069,3.22510,0.49217,2.33726,-2.71864,-152,-106,-283
4009,25.83255,101518.60938,-1.52006,-11.91637,1.42221,1.12771,1.42111,1.55320,-1.99637,-129,-99,-293
4038,25.83097,101515.07031,-1.21553,-10.69528,1.34320,-3.69199,2.45231,1.73217,-0.93959,-110,-82,-297
4068,25.83130,101516.69531,-1.35536,-10.55881,0.40224,-5.04237,3.76476,4.19940,0.22584,-93,-71,-291
4097,25.82978,101517.29688,-1.40712,-10.83176,-0.00718,-2.40626,4.57652,5.54807,0.56674,-76,-41,-309
4127,25.83143,101515.09375,-1.21754,-11.32737,0.48125,-1.24982,5.62051,5.41810,0.86076,-52,-11,-305
4156,25.83183,101510.90625,-0.85720,-11.01851,-0.63209,-1.50122,5.43088,4.66813,1.80248,231,10,-292
4186,25.82886,101514.75781,-1.18863,-9.40955,-3.04553,-2.19796,4.64896,3.55170,1.80887,9,21,-278
4215,25.82945,101515.35156,-1.23973,-8.22438,-4.19479,-3.13891,5.55446,2.75060,1.41258,33,22,-251
4245,25.83071,101521.14844,-1.73854,-7.16131,-5.22194,-5.70319,5.52037,2.78043,1.60647,54,26,-224
4274,25.83117,101519.54688,-1.60073,-6.40711,-6.22754,-5.69601,4.89610,3.00201,1.09513,69,8,-184
4304,25.82813,101516.46094,-1.33519,-5.52362,-7.12540,-5.84685,4.77253,3.30455,0.42399,85,24,-170
4334,25.83123,101516.83594,-1.36746,-5.87558,-7.11103,-3.63453,5.32222,3.38125,0.31320,91,20,-132
4363,25.82906,101519.00000,-1.55367,-5.97614,-7.64975,-2.32006,7.11618,3.00201,0.47938,99,16,-98
4393,25.82761,101518.44531,-1.50594,-5.73192,-7.13258,-2.77977,7.68931,2.57376,0.05966,93,20,-49
4422,25.82972,101519.68750,-1.61283,-5.89713,-6.65851,-1.68079,6.81790,2.45871,0.03835,88,-3,-6
4452,25.83031,101518.96875,-1.55098,-5.96178,-6.96738,-1.23545,6.11267,1.56386,0.50495,64,4,28
4481,25.82978,101522.81250,-1.88172,-5.78939,-7.64975,-1.31446,4.89610,1.42963,0.41973,36,-19,61
4511,25.82985,101518.78125,-1.53485,-6.20599,-7.66411,0.33041,4.12270,1.75987,0.31959,-245,-21,58
4540,25.83189,101518.77344,-1.53417,-6.85963,-7.10385,1.07025,3.79459,1.57664,0.37712,-13,-28,68
4570,25.83051,101516.75000,-1.36006,-7.06075,-6.62260,0.19394,2.96792,1.39980,0.45595,-40,-36,77
4599,25.83005,101516.03125,-1.29821,-7.26187,-6.50767,1.71670,2.73781,1.77052,0.67966,-65,-42,78
4629,25.83071,101517.34375,-1.41115,-7.42708,-6.03360,1.98965,2.93383,1.74283,0.62639,-81,-53,76
4658,25.83183,101521.32031,-1.75332,-7.81495,-5.22194,2.30570,3.36421,2.05815,0.94385,-99,-65,67
4688,25.82912,101520.49219,-1.68207,-8.25311,-4.57548,2.59301,3.63266,2.35431,1.15904,-125,-88,70
4718,25.83057,101518.09375,-1.47569,-8.51169,-3.25384,1.88191,3.33864,2.85287,1.30179,-153,-90,42
4747,25.83235,101518.71875,-1.52947,-8.78464,-2.83723,1.55150,1.31032,3.22572,1.42324,-176,-108,25
4777,25.83090,101520.96094,-1.72240,-9.32335,-4.64013,1.98965,-1.64056,2.46510,1.06743,-198,-113,12
4806,25.83249,101517.73438,-1.44477,-9.37363,-5.68883,2.37753,-2.95300,1.55320,0.56887,-209,-125,10
4836,25.83130,101520.96875,-1.72307,-9.51729,-5.67446,1.33601,-2.93170,1.24853,0.04687,-198,-125,3
4865,25.83170,101518.80469,-1.53686,-8.99294,-5.76065,-0.66801,-2.62276,1.22935,0.13210,-195,-128,-6
4895,25.83077,101521.55469,-1.77349,-8.94266,-5.78220,-3.31848,-4.29102,1.15052,-0.53904,-185,-136,2
4924,25.83183,101524.74219,-2.04776,-9.35209,-5.43024,-3.30412,-5.82078,1.64056,-1.03760,-168,-139,-15
4954,25.83268,101518.94531,-1.54896,-10.07037,-4.70477,-1.22827,-4.80023,1.94097,-0.32811,-141,-146,-34
4983,25.83110,101515.56250,-1.25788,-9.30181,-3.63453,-4.80533,-4.05665,1.36145,-0.09162,-121,-143,-36
5023,25.81976,101517.32812,-1.40981,-8.95703,-3.96494,-4.05113,-5.76113,0.90337,0.16832,-106,-145,-61
5052,25.81435,101518.00000,-1.46762,-7.82932,-4.07987,-3.69917,-3.46435,0.66475,0.41973,-96,-151,-71
5082,25.81903,101516.78125,-1.36275,-6.98174,-3.33285,-6.59387,-2.74207,0.55822,-0.02557,-88,-156,-83
5111,25.81831,101517.55469,-1.42930,-7.41271,-1.57305,-6.65133,-2.66111,0.92468,-0.89272,-77,-157,-85
5141,25.82009,101515.69531,-1.26931,-7.79341,0.28731,-6.18444,-1.29327,1.30605,-0.76488,-70,-155,-108
5170,25.82708,101517.78125,-1.44880,-7.16131,-0.29450,-7.36962,-0.16406,1.80674,-0.12357,-66,-151,-121
5200,25.82662,101516.20312,-1.31300,-5.78939,-3.51960,-7.67130,-0.28124,2.61637,0.40694,-57,-148,-141
5230,25.82840,101519.47656,-1.59468,-5.88276,-4.51084,-6.52204,0.43251,2.94235,-0.93959,-57,-152,-162
5259,25.83011,101513.08594,-1.04477,-5.87558,-2.75822,-7.43426,2.38627,3.18950,-2.01980,-62,-133,-181
5289,25.83137,101518.18750,-1.48376,-5.45897,-1.17081,-10.67373,0.80750,2.96792,-2.10716,-37,-125,-195
5318,25.83057,101512.57031,-1.00040,-6.37120,-0.27295,-8.63380,-2.36070,3.01266,-1.77265,-25,-108,-206
5348,25.82939,101514.64062,-1.17855,-5.87558,1.02715,-6.37838,-3.28111,1.76413,-0.88846,-19,-97,-246
5377,25.83447,101514.13281,-1.13485,-4.23071,0.96250,-7.42708,-5.08360,-0.37498,-0.12571,-31,-90,-261
5407,25.83552,101515.92188,-1.28880,-2.92342,0.28013,-9.35209,-6.86690,-1.83018,-0.03196,-38,-99,-275
5436,25.83572,101516.89844,-1.37283,-2.89469,1.36474,-8.43986,-5.92518,-1.54468,-0.14062,-68,-105,-278
5466,25.83651,101509.75781,-0.75837,-2.87314,3.00962,-9.81897,-4.20153,-0.40055,-0.37712,-97,-104,-283
5495,25.83684,101513.25781,-1.05956,-2.83005,4.05113,-8.74873,-5.29666,0.04687,-1.17609,-122,-105,-282
5525,25.83902,101512.25781,-0.97351,-4.00085,4.06550,-4.23789,-5.66312,0.00639,-1.31245,-143,-108,-274
5554,25.83842,101509.40625,-0.72812,-4.54675,5.99051,-5.69601,-5.41384,-0.35794,-1.04825,-171,-108,-282
5584,25.84060,101511.83594,-0.93720,-4.68323,5.52362,-3.82847,-6.91378,-0.86076,-1.43176,-196,-105,-270
5614,25.84297,101511.89062,-0.94191,-4.73351,4.76942,-2.73667,-7.30794,-0.83519,-1.55746,-209,-116,-244
5643,25.84456,101517.21875,-1.40040,-5.69601,5.35123,-0.33041,-7.12258,-0.35368,-1.96867,-238,-127,-224
5673,25.84363,101512.03906,-0.95468,-6.45021,5.56672,0.72547,-6.39178,0.16832,-2.00276,-508,-127,-205
5702,25.84383,101515.81250,-1.27939,-7.73594,4.13733,4.46774,-7.08636,0.96942,-1.64482,-259,-127,-182
5741,25.83051,101515.04688,-1.21351,-8.22438,3.21074,9.40237,-5.46923,0.24715,-2.09650,-261,-150,-155
5771,25.82859,101516.56250,-1.34393,-8.23156,3.17482,8.06635,-4.32084,-1.20592,-2.28400,-2,-144,-152
5801,25.83189,101516.59375,-1.34662,-7.59947,2.49964,6.88836,-3.45369,-1.32310,-1.59155,-232,-149,-145
5830,25.83466,101519.07031,-1.55972,-6.74471,0.83321,6.93146,-3.21933,-1.19739,-1.53616,-219,-155,-125
5860,25.83651,101517.46094,-1.42124,-6.62978,0.38069,5.25067,-2.03685,-1.04825,-1.57451,-212,-153,-112
5889,25.83618,101515.60156,-1.26124,-6.25627,-0.57463,3.14609,-1.88345,-0.55608,-1.67252,-197,-155,-113
5919,25.83921,101516.50000,-1.33855,-7.79341,0.48125,4.93463,-0.65835,0.63492,-1.77905,-189,-154,-113
5948,25.83875,101518.42188,-1.50392,-8.51169,0.98405,6.63696,0.32811,0.76488,-1.49142,-177,-156,-106
5978,25.84027,101521.86719,-1.80038,-8.35367,0.74702,5.41588,0.69670,0.53478,-1.32523,-163,-158,-119
6007,25.84370,101522.00781,-1.81248,-8.79182,0.96250,7.06794,1.64482,1.07808,-1.17396,-143,-157,-134
6037,25.84634,101517.84375,-1.45418,-8.95703,0.90504,8.79901,3.98421,1.33162,-0.39416,-137,-160,-130
6066,25.84363,101519.19531,-1.57048,-8.29621,0.44534,6.33528,5.91240,0.83732,0.14701,-129,-149,-126
6096,25.84640,101520.73438,-1.70291,-7.96579,0.94814,2.72230,6.01041,1.02908,-0.03409,-128,-157,-134
6125,25.84508,101518.18750,-1.48376,-9.10787,1.24982,6.65133,7.42725,2.50771,-0.17684,-120,-154,-137
6155,25.84574,101517.71875,-1.44342,-9.41673,1.98965,3.92903,10.27159,1.75135,0.24076,-115,-164,-122
6185,25.84508,101517.72656,-1.44409,-8.40395,2.76540,-1.10616,9.44279,1.21657,-0.31320,-111,-148,-136
6214,25.84746,101517.62500,-1.43535,-10.60190,5.56672,-0.19394,9.37674,1.79822,-0.97581,-108,-150,-123
6244,25.84752,101512.58594,-1.00174,-9.86207,5.91868,-4.90589,8.90375,1.10152,0.24502,-100,-149,-114
6273,25.84911,101518.77344,-1.53417,-8.05199,4.07268,-8.20283,5.46923,1.33375,0.47086,-97,-149,-107
6303,25.84660,101516.50781,-1.33922,-10.07037,4.45337,-2.48527,5.08786,2.49279,-0.33876,-108,-153,-118
6332,25.84785,101517.25000,-1.40309,-9.71841,4.71196,-4.77660,6.61976,1.78118,0.41334,-106,-153,-128
6362,25.84680,101514.75781,-1.18863,-8.36803,3.57707,-7.86523,4.10352,1.50207,0.70736,-109,-159,-115
6391,25.84528,101516.36719,-1.32712,-8.48296,1.97529,-6.55795,2.69733,0.96729,0.76488,-113,-161,-133
6421,25.84541,101515.61719,-1.26258,-6.89555,0.60336,-8.93548,3.46861,1.22296,0.18962,-118,-149,-138
6450,25.84416,101516.35156,-1.32578,-6.77344,0.07183,-10.26431,2.95087,2.48427,-0.48364,-118,-145,-152
6480,25.84245,101520.64062,-1.69484,-7.13258,-0.29450,-10.37205,2.46723,3.71149,-0.83093,-121,-148,-165
6509,25.84251,101516.07031,-1.30157,-7.49172,0.22985,-8.76309,1.98571,4.61274,-1.15265,-106,-139,-187
6539,25.84139,101520.48438,-1.68140,-6.06234,-0.17957,-7.87242,0.83093,4.12909,-0.27911,-90,-129,-217
6568,25.84047,101518.10156,-1.47636,-4.86998,-2.29852,-8.77746,-0.08522,3.56661,-0.00852,-88,-128,-225
6598,25.84159,101518.74219,-1.53149,-3.59143,-2.60020,-7.27624,0.20028,3.40895,-0.49643,-79,-106,-254
6627,25.84264,101521.14844,-1.73854,-1.98965,-2.43499,-9.99136,0.41334,3.26833,-0.46021,-73,-90,-279
6657,25.84001,101518.92969,-1.54762,-1.40784,-2.07585,-11.60032,-0.12997,3.26194,-0.72440,-67,-75,-287
6686,25.84020,101521.07812,-1.73248,-0.47407,-1.02715,-13.15182,-1.01416,3.67741,-0.60935,-65,-55,-297
6716,25.83776,101517.81250,-1.45149,-0.35914,0.03591,-9.73278,-0.48364,4.24627,-0.08948,-54,-35,-315
6745,25.83750,101520.24219,-1.66056,1.25700,0.06465,-8.79182,-0.19175,3.93734,0.81602,-60,-12,-327
6775,25.83776,101521.31250,-1.75265,2.87314,-1.23545,-7.15413,0.57313,2.98070,1.08234,-60,6,-324
6804,25.83657,101519.80469,-1.62291,4.20197,-3.38313,-7.91551,0.60722,2.04537,0.73719,-62,23,-334
6834,25.83902,101516.69531,-1.35536,4.81252,-4.00085,-9.45265,0.54756,2.05176,0.58165,-58,31,-334
6864,25.83842,101521.22656,-1.74526,5.49489,-4.97772,-7.36962,0.11931,2.22221,0.42825,-52,43,-339
6893,25.83888,101519.14844,-1.56644,6.63696,-4.10860,-7.71439,0.46873,2.06455,-0.37072,-53,60,-333
6923,25.83710,101519.84375,-1.62627,6.38556,-2.88033,-6.94583,0.42825,1.87705,-1.01416,-45,71,-342
6952,25.83697,101519.42969,-1.59064,6.22754,-1.42939,-6.75189,0.34516,1.68317,-1.02482,-38,83,-335
6982,25.83585,101515.44531,-1.24779,5.57390,-0.17239,-7.15413,0.32385,1.55320,-0.58591,-33,89,-324
7011,25.83750,101521.64844,-1.78156,5.27940,0.35914,-6.04797,0.14701,1.69595,0.42612,-31,106,-331
7041,25.83968,101523.06250,-1.90323,6.67288,-0.91222,-13.26675,-4.24414,1.43176,0.66261,-27,116,-342
7070,25.83532,101514.16406,-1.13754,1.73825,-3.18919,3.89311,-0.14062,0.66475,1.60008,-37,128,-348
7100,25.83618,101518.71094,-1.52880,7.21159,-3.77819,-7.38398,-0.20454,1.64908,1.00990,-57,121,-347
7129,25.83499,101520.00000,-1.63972,7.33370,-5.13575,-4.02959,1.98145,1.87066,-0.17684,-51,138,-337
7159,25.83677,101518.84375,-1.54022,7.06794,-4.31690,-3.58425,1.49781,1.74070,-0.90337,-45,150,-325
7188,25.83657,101517.63281,-1.43603,7.87242,-2.93779,-2.70794,1.01629,1.09513,-1.33375,-34,151,-312
7218,25.83453,101519.35156,-1.58392,8.27466,-1.72389,-3.27538,0.69670,0.26845,-1.13987,-28,171,-316
7247,25.83625,101517.63281,-1.43603,8.56197,-1.15644,-4.45337,0.75849,0.08735,-0.60722,-28,177,-311
7277,25.83684,101516.44531,-1.33384,8.92830,-1.92501,-5.22194,0.76701,0.41334,-0.54543,-25,177,-315
7307,25.83512,101520.73438,-1.70291,9.95545,-1.56586,-5.48771,0.82454,0.73292,-0.53052,-23,191,-310
7336,25.83625,101519.81250,-1.62358,10.00573,-1.28573,-5.49489,0.38990,1.21231,-0.39203,-16,191,-303
7366,25.83519,101519.03125,-1.55636,10.32895,-1.24264,-5.32968,0.21945,1.59795,-0.47299,-20,209,-297
7395,25.83710,101520.00000,-1.63972,9.22279,-1.02715,-3.32566,0.34729,2.01128,-0.29828,-17,206,-273
7425,25.83756,101520.57031,-1.68879,9.32335,-1.75980,-1.68079,0.25141,1.65334,-0.31107,-20,228,-275
7454,25.83987,101518.04688,-1.47166,8.24592,-1.01278,-1.27855,0.43251,1.35719,-0.28976,-16,239,-271
7484,25.83915,101519.28906,-1.57854,8.33212,-0.54590,-0.66082,0.54543,1.08234,-0.34516,-15,241,-269
7513,25.83796,101516.30469,-1.32174,7.95143,-1.00560,0.77575,0.62213,1.08234,-0.09375,-17,248,-256
7543,25.83809,101515.94531,-1.29082,7.68566,0.01437,1.81008,0.53691,0.30041,0.00852,-14,249,-255
7572,25.83935,101520.81250,-1.70963,9.31617,1.65206,1.40066,0.66048,-0.50069,0.55395,-10,254,-252
7602,25.83803,101519.97656,-1.63770,8.69845,2.28415,0.26577,1.37210,-0.74784,1.20166,250,239,-240
7631,25.83968,101516.37500,-1.32779,6.45021,0.66801,0.62491,3.48778,-1.12708,2.76125,2,226,-248
7661,25.84152,101519.89062,-1.63030,9.50293,-1.50840,-4.98491,2.20730,-0.38138,4.32724,22,206,-232
7691,25.84060,101518.44531,-1.50594,9.73278,-4.77660,-1.75980,3.45582,1.69382,4.72140,52,165,-215
7720,25.84126,101521.46875,-1.76610,6.60823,-5.25067,1.36474,2.01767,2.50132,4.90889,80,127,-195
7750,25.84073,101518.62500,-1.52140,6.47894,-6.24191,3.26102,2.73142,2.20516,4.99411,107,95,-176
7779,25.83987,101516.10156,-1.30426,4.15169,-7.03202,2.54992,3.06166,1.84509,5.07934,114,61,-157
7809,25.84106,101520.95312,-1.72173,1.62333,-9.61067,3.61298,2.71012,2.35218,5.17308,120,9,-132
7838,25.84185,101521.44531,-1.76408,4.23071,-10.21403,4.44619,2.74847,2.98496,3.98634,115,-16,-124
7868,25.84205,101515.18750,-1.22561,0.40224,-8.36803,5.89713,2.12846,2.66963,2.31169,105,-39,-119
7897,25.83961,101519.23438,-1.57384,-2.85878,-5.94741,8.19565,2.49066,2.76125,2.73781,103,-53,-119
7927,25.84251,101515.52344,-1.25452,-1.32883,-7.06794,9.01449,3.07658,1.92819,3.44517,90,-75,-109
7956,25.84152,101520.35938,-1.67064,-0.83321,-8.87083,7.27624,4.68305,1.32097,3.40682,70,-96,-93
7986,25.84172,101520.25000,-1.66123,-1.14208,-8.49732,7.02484,3.05527,2.54819,1.74070,52,-116,-88
8015,25.84212,101517.07031,-1.38762,-3.28975,-5.65291,9.94108,3.11919,2.38200,0.82667,34,-134,-72
8045,25.83981,101516.86719,-1.37014,-4.47492,-2.95216,7.59947,2.83156,1.39128,0.78832,22,-123,-83
8075,25.84291,101516.31250,-1.32241,-4.82688,-3.39031,7.66411,2.48640,1.54681,0.60935,16,-135,-84
8104,25.84119,101516.93750,-1.37620,-5.27940,-2.40626,7.91551,2.32235,1.38702,0.13423,9,-135,-83
8134,25.84126,101519.52344,-1.59871,-2.63611,-1.05588,6.24909,1.53190,1.01842,-0.34729,7,-130,-79
8163,25.83987,101518.59375,-1.51871,-4.64013,0.02873,3.23947,0.18749,1.42111,-0.65409,6,-137,-78
8193,25.83974,101518.40625,-1.50258,-4.48211,-1.48685,3.47651,-0.15553,2.39266,-0.14275,11,-129,-95
8222,25.83908,101516.00781,-1.29620,-4.03677,-3.97212,1.25700,0.01278,3.25768,0.03196,13,-135,-102
8252,25.83763,101519.57812,-1.60342,-10.54444,-0.38787,5.29377,1.90475,5.16669,-0.19815,10,-122,-128
8281,25.83915,101517.89062,-1.45821,-13.99940,4.36000,8.54761,2.17960,4.79384,0.67753,15,-116,-143
8311,25.83855,101515.73438,-1.27267,-12.99380,1.60178,9.58194,1.32310,2.38200,1.83231,14,-121,-151
8340,25.83763,101517.32031,-1.40914,-11.33456,-1.42221,8.10227,0.98646,0.99499,1.40406,-252,-127,-144
8370,25.83611,101516.28125,-1.31973,-10.02009,-1.15644,9.31617,1.11856,-0.21519,0.72014,-9,-131,-142
8399,25.83796,101518.86719,-1.54224,-9.89798,3.00244,6.87400,3.42173,-1.33801,0.73719,-19,-134,-125
8429,25.83506,101517.60156,-1.43334,-10.10629,3.51960,-3.21074,0.39203,-0.74358,0.63279,-21,-150,-90
8458,25.83526,101518.11719,-1.47771,-9.32335,0.99842,5.98332,-1.12921,0.85437,2.20303,-28,-143,-115
8488,25.83684,101518.15625,-1.48107,-8.19565,-0.59618,4.25944,-0.84798,0.36007,2.14764,-48,-156,-119
8517,25.83308,101516.07812,-1.30225,-7.21878,-1.76698,3.33285,-1.90262,0.41120,1.43176,-65,-157,-122
8547,25.83453,101517.33594,-1.41048,-6.97456,-1.35038,2.49964,-2.15616,0.80963,0.32811,-79,-155,-127
8576,25.83394,101520.93750,-1.72038,-8.76309,2.60020,1.15644,-3.88407,0.88420,-0.20667,-94,-152,-137
8606,25.83387,101517.26562,-1.40443,-8.11663,-0.57463,3.27538,-6.45570,0.98860,0.20028,-90,-151,-157
8636,25.83077,101517.82031,-1.45216,-8.37522,-2.99525,6.52922,-7.20141,0.29828,-0.64557,-91,-157,-155
8665,25.83150,101516.89844,-1.37283,-9.14378,-2.41344,5.20039,-5.83996,-0.28976,-0.52626,-92,-154,-173
8695,25.83387,101522.24219,-1.83265,-7.82932,-4.68323,4.50365,-5.76113,-0.33663,-0.49217,-96,-151,-182
8724,25.83255,101519.46094,-1.59333,-7.64975,-4.65449,3.84283,-6.17659,-0.37072,-1.07382,-103,-148,-189
8754,25.83084,101519.85938,-1.62762,-9.22998,-4.15169,4.69759,-6.02745,-0.29615,-0.86928,-102,-150,-196
8783,25.83005,101518.05469,-1.47233,-8.43268,-5.20039,2.54273,-5.22422,-0.41120,0.05113,-109,-151,-196
8813,25.83038,101517.18750,-1.39771,-7.90115,-5.38715,1.14926,-6.19790,-0.53691,0.08948,-117,-146,-197
8842,25.82985,101519.56250,-1.60207,-8.22438,-6.30655,0.56745,-6.68580,-0.50069,-0.34090,-133,-150,-197
8872,25.82761,101523.96875,-1.98121,-7.67848,-7.34088,0.05028,-5.74195,-0.38351,-0.10014,-145,-149,-206
8901,25.83104,101523.47656,-1.93886,-6.80217,-6.98892,-2.95216,-5.45432,-0.34942,-0.64131,-162,-151,-207
8931,25.83097,101522.92188,-1.89113,-8.03762,-5.99051,-3.40468,-6.35343,0.08309,-0.77127,-169,-153,-202
8961,25.83005,101521.93750,-1.80643,-8.39677,-5.87558,-3.24665,-5.84848,0.24076,-0.34303,-174,-143,-198
8990,25.82675,101521.60156,-1.77752,-7.57074,-6.23472,-4.56830,-5.67590,0.32385,-0.47725,-190,-146,-197
9020,25.82800,101521.95312,-1.80777,-7.70003,-5.68164,-5.37996,-5.85700,0.38564,-0.69244,-196,-145,-195
9049,25.82754,101521.46094,-1.76542,-7.93706,-4.34563,-5.57390,-5.45219,0.37925,-0.43677,-217,-146,-181
9079,25.82859,101517.72656,-1.44409,-7.58510,-3.58425,-7.33370,-5.71425,0.40907,-0.59870,-215,-141,-178
9108,25.82978,101521.02344,-1.72778,-8.02326,-3.28257,-8.03044,-6.42161,0.38990,-0.70949,-231,-142,-165
9138,25.83057,101520.03125,-1.64241,-8.08790,-2.76540,-7.43426,-6.21707,0.56887,-0.56035,-227,-145,-155
9167,25.83005,101517.19531,-1.39838,-7.58510,-1.91064,-7.40553,-5.32862,0.53691,-0.24076,-234,-142,-149
9197,25.82609,101520.75000,-1.70425,-7.04639,-0.48125,-7.79341,-4.82366,0.50708,-0.45595,-230,-154,-135
9226,25.82780,101522.68750,-1.87096,-7.22596,0.76138,-7.78622,-4.95363,0.41760,-0.38990,-234,-145,-126
9256,25.82820,101516.47656,-1.33653,-6.64415,1.40784,-8.92830,-5.12408,0.21732,-0.41334,-234,-145,-104
9285,25.82734,101513.48438,-1.07905,-7.20441,2.25542,-8.26029,-5.66525,0.70736,-0.46234,-230,-153,-106
9315,25.82886,101515.68750,-1.26863,-6.60105,3.03835,-8.11663,-5.98697,1.00138,-0.45169,-218,-152,-104
9345,25.82596,101514.11719,-1.13351,-6.17726,3.56270,-8.74154,-6.79233,0.99712,-1.01629,-212,-143,-105
9374,25.82576,101511.81250,-0.93519,-8.47578,4.84843,-4.51084,-6.76037,1.58303,-0.04048,-195,-158,-115
9404,25.82642,101514.52344,-1.16847,-7.20441,4.69041,-4.07987,-6.29804,1.35932,0.53052,-180,-158,-130
9433,25.82668,101517.07031,-1.38762,-6.23472,4.40309,-4.18043,-6.98196,1.09939,0.19175,-177,-155,-124
9463,25.82352,101518.00781,-1.46829,-7.21878,4.27380,-1.17081,-7.04161,0.93320,-0.17045,-173,-158,-125
9502,25.81092,101515.91406,-1.28813,-6.60823,5.15729,0.27295,-5.19865,1.18887,-0.00852,-181,-158,-142
9532,25.80676,101516.94531,-1.37687,-7.25469,5.89713,0.28013,-4.15253,1.37636,0.09801,-182,-158,-155
9561,25.80874,101515.67188,-1.26729,-7.58510,5.68164,0.76138,-5.07294,1.44454,-0.24289,-188,-157,-163
9591,25.81072,101515.56250,-1.25788,-8.18846,5.35123,3.34721,-5.19226,1.24214,-0.32598,-189,-156,-170
9620,25.81112,101513.55469,-1.08510,-8.31775,5.66010,3.83565,-4.61487,0.83945,0.02557,-197,-151,-167
9650,25.81191,101515.59375,-1.26057,-7.82214,5.06392,3.01680,-5.46923,0.27911,0.10227,-202,-152,-162
9679,25.81362,101518.14844,-1.48039,-7.77186,3.08863,3.74945,-5.65034,0.18962,0.17258,-214,-165,-141
9709,25.81402,101513.80469,-1.10662,-6.68006,0.25858,4.66168,-5.43301,0.32385,0.15979,-223,-153,-148
9738,25.81738,101515.09375,-1.21754,-6.37120,-0.00718,4.79097,-3.85638,1.00564,-0.34303,-222,-151,-136
9768,25.81930,101521.96875,-1.80912,-6.09825,0.82603,1.98965,-2.35431,2.07733,-0.72440,-224,-150,-148
9797,25.81870,101519.27344,-1.57720,-7.45581,3.09581,-1.74544,-0.90550,3.60070,-0.79471,-216,-153,-169
9827,25.81923,101521.87500,-1.80105,-14.74642,2.66484,-1.67361,-1.12708,7.61261,0.03622,-212,-136,-214
9856,25.82200,101515.49219,-1.25183,-13.09436,-3.28257,7.00329,-0.61787,6.96917,0.08948,-208,-123,-251
9886,25.82035,101514.89844,-1.20074,-12.95070,-2.56428,4.61858,0.23010,4.38476,-1.11430,-211,-112,-273
9916,25.82101,101518.30469,-1.49384,-12.42635,2.88751,-0.08619,-0.41973,3.44730,-1.98997,-194,-84,-297
9945,25.82424,101517.54688,-1.42863,-13.97067,3.77819,-0.84758,-0.87354,3.68806,-0.43464,-185,-72,-324
9975,25.82378,101516.82031,-1.36611,-11.65060,-0.18675,-1.18517,0.65835,4.14401,0.95664,-186,-47,-337
10004,25.82398,101514.92188,-1.20275,-11.01851,-3.31848,0.02873,0.94811,4.05239,0.85650,-186,-23,-351
10034,25.82398,101515.31250,-1.23637,-9.41673,-2.57146,-0.20830,1.30392,2.68455,-0.25993,-191,0,-356
10063,25.82424,101513.57812,-1.08712,-7.77904,1.51558,-4.77660,1.60860,1.40832,-0.26632,-177,9,-360
10093,25.82490,101515.28125,-1.23368,-8.54042,2.70794,-6.68724,1.34654,2.11568,1.01416,-163,27,-350
10122,25.82226,101515.70312,-1.26998,-7.17568,0.00718,-7.05357,2.04537,3.01479,2.50771,-153,44,-369
10152,25.82576,101516.40625,-1.33048,-6.14853,-0.91941,-7.34807,2.13486,3.07019,2.39905,-143,64,-368
10182,25.82391,101513.58594,-1.08779,-5.73911,-1.19954,-5.84685,2.08372,3.34929,1.78757,-131,87,-366
10211,25.82708,101515.60938,-1.26191,-5.47334,0.51717,-6.11980,1.95162,2.53967,1.65121,-117,104,-359
10241,25.82569,101510.08594,-0.78661,-4.58985,0.70392,-9.63940,1.98358,2.15403,2.35005,-101,126,-352
10270,25.82431,101515.30469,-1.23569,-2.49964,-0.12211,-10.47261,1.90262,2.58867,2.14338,-88,129,-338
10300,25.82648,101512.44531,-0.98964,-1.64488,1.37193,-10.65218,1.55533,2.76977,1.49142,-75,134,-325
10329,25.82563,101512.64062,-1.00645,-3.26820,2.42781,-10.65218,1.33375,3.10214,2.42462,-52,155,-324
10359,25.82840,101515.03906,-1.21284,-2.72230,1.35038,-9.93390,0.87567,3.71149,2.98709,-36,164,-311
10388,25.82714,101512.12500,-0.96208,-1.56586,-0.10056,-8.27466,0.91189,3.17672,2.83156,-29,171,-299
10418,25.82688,101513.69531,-1.09721,-0.88349,0.35914,-9.71123,1.36145,2.88695,3.03610,244,180,-288
10447,25.82642,101516.00781,-1.29620,-1.78135,0.19394,-7.95143,1.87492,2.94235,3.54957,4,174,-267
10477,25.82721,101517.81250,-1.45149,0.25858,-2.56428,-7.78622,1.90475,2.58228,3.76050,21,165,-256
10506,25.82668,101515.59375,-1.26057,1.09898,-2.46372,-7.81495,2.85287,1.87066,3.20015,39,146,-232
10536,25.82879,101517.85156,-1.45485,0.54590,-2.27697,-9.26589,3.40256,1.55320,3.38978,62,129,-216
10565,25.82846,101519.64844,-1.60947,-0.28013,-4.20916,-8.95703,3.95651,1.75987,3.79885,73,116,-188
10595,25.82859,101519.90625,-1.63165,-1.30010,-6.07670,-5.68883,5.48628,2.28613,4.05239,85,94,-146
10625,25.82761,101518.91406,-1.54627,-2.05430,-6.60105,-6.45739,6.72415,2.43740,4.70009,99,60,-100
10654,25.82840,101516.44531,-1.33384,-1.69516,-9.51011,-4.14451,4.84071,2.46510,4.11418,102,22,-66
10684,25.82622,101518.06250,-1.47300,-1.91064,-11.39920,0.17957,4.43590,2.32874,2.71012,100,4,-42
10713,25.82497,101518.09375,-1.47569,-2.15486,-10.14938,1.42221,4.36346,1.04825,2.04750,80,-31,-11
10743,25.82688,101517.19531,-1.39838,-2.09740,-8.05917,0.45252,4.39115,0.16193,2.03685,64,-31,2
10772,25.82728,101518.44531,-1.50594,-2.75822,-7.63538,-1.09179,5.16243,0.26419,2.49493,40,-42,31
10802,25.82556,101520.25000,-1.66123,-2.71512,-7.56355,-3.65608,4.21858,1.18674,3.20228,-247,-58,40
10831,25.82635,101521.82031,-1.79635,-4.13015,-10.12784,-1.53713,1.31458,2.76977,3.27898,-28,-78,42
10861,25.82648,101517.80469,-1.45082,-5.63855,-10.50134,3.16764,2.64194,3.47713,2.60359,-56,-94,26
10890,25.82536,101520.43750,-1.67736,-7.49891,-6.11980,3.66326,4.46146,3.44943,2.46084,-84,-111,15
10920,25.82187,101519.35156,-1.58392,-8.56915,-4.99209,2.29133,3.20654,3.30029,2.83156,-118,-135,9
10949,25.82701,101522.20312,-1.82929,-8.62662,-5.29377,3.05272,2.61424,3.14902,2.75060,-156,-138,-34
10979,25.82741,101521.42969,-1.76274,-9.07914,-4.59703,2.14049,2.19664,2.96579,2.26269,-180,-142,-51
11008,25.82622,101521.78906,-1.79366,-9.39518,-3.49805,1.40784,1.81100,2.86352,2.12633,-208,-140,-79
11038,25.82549,101522.25781,-1.83399,-9.19406,-4.46774,-1.37193,0.00213,2.74634,2.01554,-231,-142,-100
11067,25.82345,101522.18750,-1.82794,-9.74714,-7.05357,-0.49562,-2.26269,2.77616,1.37423,-506,-138,-115
11097,25.82483,101520.55469,-1.68745,-9.46701,-8.02326,1.40784,-0.80963,2.99135,0.47938,-267,-134,-136
11127,25.82339,101515.56250,-1.25788,-9.22998,-5.42306,-2.50682,-0.57526,2.44166,-0.73079,-272,-135,-141
11156,25.82187,101523.85938,-1.97180,-10.17093,-3.31130,-4.41028,-2.12420,2.66963,-1.01629,-273,-134,-158
11186,25.82193,101521.07812,-1.73248,-10.70965,-3.87875,-3.72072,-3.88194,3.41960,-0.76062,-264,-131,-169
11215,25.82312,101519.78125,-1.62089,-9.86925,-6.21318,-2.39908,-5.11769,3.12558,-0.83306,-275,-122,-178
11245,25.82160,101521.85938,-1.79971,-8.86365,-6.75189,-2.79413,-5.79522,2.09864,-1.75135,-272,-124,-172
11274,25.81956,101519.07031,-1.55972,-8.05917,-5.43024,-4.44619,-5.63542,1.20592,-2.25630,-278,-129,-159
11304,25.81923,101519.54688,-1.60073,-7.00329,-4.97054,-7.37680,-6.17872,0.37498,-2.52688,-277,-139,-149
11333,25.81989,101518.83594,-1.53955,-7.45581,-3.92184,-7.34088,-6.57714,0.79258,-2.51836,-12,-145,-136
11363,25.81369,101517.61719,-1.43468,-7.40553,-2.36316,-7.26187,-5.96566,0.93746,-2.41183,-249,-151,-128
11392,25.81158,101521.89844,-1.80307,-6.74471,-1.57305,-8.33212,-6.15102,0.77341,-2.37348,-225,-154,-129
11422,25.81870,101517.79688,-1.45014,-6.42866,-0.29450,-8.66253,-7.11192,0.99712,-2.76764,-205,-166,-127
11451,25.81824,101513.49219,-1.07973,-7.00329,1.06306,-7.05357,-7.84485,1.03760,-2.41396,-181,-164,-134
11481,25.81573,101514.64844,-1.17922,-6.93864,1.75980,-7.28342,-8.64595,0.98433,-2.28400,-155,-163,-144
11511,25.81765,101512.19531,-0.96813,-6.87400,1.78135,-6.45021,-10.69771,0.68605,-2.13486,-135,-166,-172
11540,25.81329,101508.97656,-0.69114,-7.54200,3.60580,-0.25858,-9.98396,0.54756,-1.81740,-127,-158,-167
11570,25.81303,101516.30469,-1.32174,-7.20441,5.51644,0.07183,-6.09350,0.50069,-0.95451,-131,-154,-198
11599,25.81732,101514.30469,-1.14964,-7.15413,6.16290,-1.49404,-5.91879,0.55182,-1.09939,-136,-151,-196
11629,25.81798,101516.31250,-1.32241,-6.88836,6.04079,0.07901,-6.10415,0.20028,-1.19313,-146,-148,-205
11658,25.81409,101513.82031,-1.10796,-7.59228,6.47176,1.41502,-4.54030,0.42825,-0.70736,-152,-156,-211
11688,25.81527,101515.94531,-1.29082,-7.59228,6.78062,1.96092,-2.73781,0.50069,-0.16832,-167,-149,-207
11717,25.81474,101518.71094,-1.52880,-7.60665,6.02642,0.58899,-4.14827,0.15127,-0.09375,-174,-150,-204
11747,25.81323,101515.10938,-1.21889,-7.24032,5.28659,0.94095,-4.51686,0.11718,-0.22371,-189,-143,-191
11776,25.81171,101519.51562,-1.59804,-7.63538,4.62576,1.73107,-3.75624,0.82028,0.17045,-194,-147,-196
11806,25.81547,101520.96875,-1.72307,-7.69284,4.53957,1.03433,-3.76689,0.85650,0.23223,-209,-144,-194
11835,25.81422,101519.28906,-1.57854,-7.76467,3.39749,-0.42379,-5.13047,1.05464,0.16406,-217,-144,-185
11865,25.81006,101519.38281,-1.58661,-8.59070,1.25700,0.43097,-6.00614,1.77052,0.11505,-230,-147,-177
11895,25.81125,101522.75781,-1.87701,-10.21403,-0.19394,2.24105,-5.70360,2.78043,0.40268,-231,-136,-183
11924,25.80881,101517.62500,-1.43535,-10.81021,-2.37753,2.32006,-5.64820,3.38125,0.44529,-238,-139,-182
11954,25.80881,101518.87500,-1.54291,-12.02411,-5.81094,4.02240,-5.41171,3.16393,0.46447,-512,-129,-184
11983,25.80670,101522.14062,-1.82391,-9.10787,-4.36718,5.02082,-4.51473,2.33300,0.14914,-264,-125,-196
12013,25.80736,101521.27344,-1.74929,-11.24836,-4.06550,2.21232,-3.12558,2.53328,-0.53904,-279,-120,-204
12042,25.80624,101519.54688,-1.60073,-11.90200,-4.28817,4.01522,-1.68743,3.51761,-0.76701,-277,-113,-213
12072,25.80610,101518.27344,-1.49115,-11.39202,-4.38873,1.68797,-0.85863,2.37774,-1.34867,-286,-107,-222
12101,25.80571,101517.79688,-1.45014,-10.96105,-2.50682,0.64646,1.19100,1.90475,-1.53616,-280,-108,-238
12131,25.80294,101521.77344,-1.79231,-9.63222,2.91624,-2.54992,4.06304,3.03397,-1.61712,-16,-104,-267
12160,25.80360,101523.32031,-1.92541,-10.78866,2.83723,-3.79255,4.05026,3.66036,-0.25354,-251,-88,-283
12190,25.80281,101519.40625,-1.58863,-10.42951,0.36633,-1.89628,5.59281,4.52538,0.94172,-222,-63,-326
12219,25.80452,101517.07031,-1.38762,-10.60190,0.00000,-0.96969,5.55020,4.56586,1.38062,-200,-34,-343
12249,25.80228,101515.87500,-1.28477,-10.08474,0.89786,-0.74702,6.73907,3.19589,2.39266,-163,-15,-354
12278,25.79931,101513.65625,-1.09384,-8.37522,0.83321,-5.31532,6.89247,3.02118,3.67741,-124,5,-354
12308,25.79925,101516.75781,-1.36073,-8.84929,1.34320,-5.95459,6.91804,4.07583,3.81376,-80,19,-331
12337,25.79839,101514.70312,-1.18393,-8.84210,1.34320,-4.86280,6.55584,4.91315,4.01404,-44,31,-320
12367,25.79760,101512.73438,-1.01452,-7.17568,-0.68237,-4.83407,5.93796,4.52112,5.02820,244,34,-282
12396,25.79568,101517.91406,-1.46023,-6.14853,-3.18201,-6.58668,5.09638,3.56022,4.61061,24,27,-276
12426,25.79773,101513.53906,-1.08376,-5.02082,-3.47651,-7.72876,6.30443,3.87342,3.68806,48,18,-253
12455,25.79582,101514.13281,-1.13485,-4.07268,-3.34003,-9.84052,5.97205,4.43164,2.47788,62,13,-217
12485,25.79568,101519.31250,-1.58056,-4.76224,-4.40309,-8.08072,4.83645,4.49342,2.32235,83,8,-190
12515,25.79628,101518.50781,-1.51132,-3.44777,-5.42306,-8.77027,5.15604,4.48916,2.22647,89,3,-165
12544,25.79417,101520.37500,-1.67198,-3.04553,-5.67446,-7.40553,3.85851,4.18236,1.34227,91,-10,-149
12574,25.79305,101521.52344,-1.77080,-3.07426,-6.17726,-5.37278,4.04174,3.58366,0.95451,94,-25,-121
12603,25.79410,101518.96094,-1.55031,-2.23387,-6.75907,-5.62418,5.12834,3.17885,0.85650,92,-21,-108
12633,25.79601,101519.77344,-1.62022,-1.75262,-7.42708,-6.70161,4.57225,2.98496,1.23148,87,-30,-87
12662,25.79502,101520.25000,-1.66123,-1.81008,-9.63222,-5.50207,5.09851,3.15754,1.26770,78,-39,-67
12692,25.79252,101518.06250,-1.47300,-1.09898,-10.66655,-4.72632,7.40381,3.72002,0.64983,73,-52,-43
12721,25.79324,101520.86719,-1.71433,-2.23387,-10.27149,-2.51400,8.08134,4.40181,-0.02344,49,-59,-15
12751,25.79258,101520.02344,-1.64173,-3.26820,-9.81179,-0.94814,8.14526,4.28249,-0.32172,-227,-72,9
12780,25.79278,101519.52344,-1.59871,-3.48369,-9.17970,1.46530,8.29227,3.67314,-0.50921,-4,-91,34
12810,25.79028,101519.59375,-1.60476,-3.05990,-7.89396,2.15486,8.52664,3.29603,-0.69244,-38,-88,32
12839,25.79298,101520.26562,-1.66257,-2.37034,-7.30497,2.17641,7.80650,3.14902,-0.85863,-74,-104,34
12869,25.79166,101514.14062,-1.13553,-3.29693,-6.47176,3.14609,4.55095,2.91252,-1.52337,-109,-121,21
12898,25.79278,101518.04688,-1.47166,-3.77100,-6.34247,5.32968,2.60785,2.71864,-1.93884,-130,-125,5
12928,25.79166,101518.03125,-1.47031,-3.77819,-6.96738,3.57707,1.70874,2.79747,-2.35431,-122,-132,-18
12957,25.79140,101517.97656,-1.46560,-5.49489,-5.15011,3.28975,2.21156,3.66462,-2.62702,-123,-144,-38
12987,25.78942,101523.28906,-1.92273,-6.65133,-4.67604,0.86913,1.39980,4.72992,-2.47362,-112,-160,-54
13016,25.78882,101519.57812,-1.60342,-9.28026,-7.08948,1.64488,-1.34014,5.56085,-2.40544,-101,-150,-108
13046,25.78889,101520.21875,-1.65854,-12.11749,-8.55479,3.55552,-1.20379,6.17020,-2.71651,-81,-145,-163
13075,25.78652,101516.96875,-1.37888,-12.20368,-6.85245,5.56672,0.41334,6.66450,-2.79747,-61,-128,-209
13105,25.78513,101516.11719,-1.30561,-11.41357,-5.58108,4.97054,-0.01491,5.86553,-2.45657,-38,-96,-240
13135,25.78434,101520.14062,-1.65182,-9.58912,-8.52606,4.61858,-3.00201,3.97569,-1.95375,-17,-65,-273
13164,25.78375,101518.45312,-1.50661,-9.01449,-11.95228,6.50049,-4.39755,2.39905,-2.58867,-16,-32,-302
13204,25.76891,101519.99219,-1.63904,-8.87083,-10.65937,5.18603,-3.28751,0.48151,-3.95651,-23,-13,-314
13233,25.76040,101520.98438,-1.72442,-6.90991,-9.41673,1.40784,-3.87981,-0.89059,-3.98634,-42,12,-345
13263,25.76304,101521.10156,-1.73450,-5.28659,-10.25713,-1.17081,-5.08573,-1.68104,-4.08435,-58,18,-356
13292,25.76337,101517.99219,-1.46695,-4.28099,-10.38642,-3.45496,-6.21494,-1.90688,-4.72779,-84,2,-360
13322,25.76205,101517.07812,-1.38830,-3.57707,-8.94985,-5.29377,-6.35769,-1.39980,-4.86841,-127,-9,-365
13351,25.76139,101518.01562,-1.46897,-2.72949,-7.57792,-6.10543,-6.42374,-0.61148,-4.44442,-163,-19,-357
13381,25.76099,101520.80469,-1.70896,-1.46530,-6.47176,-7.01047,-5.80800,-0.27272,-3.86490,-198,-32,-351
13410,25.76086,101518.60156,-1.51938,-0.20112,-5.40151,-9.76869,-5.39466,0.14062,-3.65184,-490,-47,-327
13440,25.75895,101518.02344,-1.46964,0.47407,-4.84125,-10.94668,-5.99549,0.88846,-3.49204,-259,-60,-326
13469,25.76073,101517.01562,-1.38292,0.65364,-3.76382,-9.15815,-5.01542,1.62351,-3.40895,-276,-73,-313
13499,25.75954,101515.66406,-1.26662,0.63209,-1.57305,-9.80461,-3.44943,2.06881,-3.34716,-293,-74,-303
13528,25.75974,101517.88281,-1.45754,1.30728,-0.97687,-10.48698,-4.91315,2.14977,-3.43026,-294,-81,-306
13558,25.75895,101518.25781,-1.48981,1.63769,-0.45252,-8.82774,-5.62264,1.97293,-3.64545,-296,-86,-300
13587,25.75710,101513.64844,-1.09317,1.08461,1.50122,-8.31775,-4.95789,2.47575,-4.18236,-306,-87,-299
13617,25.75895,101513.50781,-1.08107,0.74702,3.49087,-7.15413,-5.12408,2.84221,-4.46999,-309,-85,-283
13646,25.75624,101511.67188,-0.92309,-0.26577,5.95459,-3.35440,-3.96290,2.31596,-3.44091,-308,-84,-295
13676,25.75908,101516.26562,-1.31838,-0.20112,7.25469,-5.76784,-5.44580,2.13699,-3.14050,-308,-77,-297
13705,25.75717,101513.89844,-1.11468,-1.04870,7.82932,-2.84441,-5.21569,2.61211,-2.43740,-319,-73,-279
13735,25.75697,101514.00781,-1.12410,-1.38629,6.65851,-1.02715,-5.56298,2.92317,-2.05815,-341,-63,-269
13765,25.75915,101517.21094,-1.39972,-1.20672,4.71196,1.35038,-5.95714,2.54819,-2.29678,-356,-56,-242
13794,25.75796,101514.84375,-1.19603,-2.17641,4.39591,3.15328,-5.99762,2.62276,-2.75060,-372,-60,-214
13824,25.75605,101518.54688,-1.51468,-3.86438,4.51802,5.82530,-4.94511,2.57163,-3.20228,-381,-76,-172
13853,25.75769,101512.76562,-1.01720,-3.90748,5.25067,4.18043,-4.68944,1.85575,-3.66036,-377,-80,-176
13883,25.75783,101517.85156,-1.45485,-6.52204,5.50207,6.07670,-4.89824,2.04963,-3.08723,-371,-106,-152
13912,25.75895,101513.74219,-1.10124,-6.76626,3.39749,8.29621,-2.98496,2.62489,-2.14764,-353,-116,-149
13942,25.75809,101512.62500,-1.00510,-5.97614,1.29292,7.45581,-2.90400,1.94523,-2.60998,-329,-129,-145
13971,25.75618,101512.58594,-1.00174,-7.62820,2.81568,4.86280,-2.85287,2.02619,-2.82091,-315,-137,-152
14001,25.75842,101522.80469,-1.88105,-9.49574,-0.61773,6.59387,-0.77554,3.29603,-2.03046,-284,-142,-174
14030,25.75545,101517.86719,-1.45619,-10.16375,-0.61773,6.34247,0.83306,3.08084,-3.11493,-20,-144,-182
14060,25.75611,101520.65625,-1.69618,-11.61469,1.64488,4.66886,0.79045,2.50132,-3.35995,-253,-151,-214
14089,25.75684,101518.32812,-1.49586,-12.21805,3.55552,2.37034,1.49568,3.00201,-2.60572,-217,-143,-240
14119,25.75499,101518.39062,-1.50123,-11.63624,3.97931,4.71196,2.32235,2.55884,-1.62351,-193,-134,-257
14148,25.75479,101517.87500,-1.45687,-9.70405,3.79973,-0.53153,4.69370,2.18386,0.30894,-167,-131,-273
14178,25.75591,101517.73438,-1.44477,-10.92513,2.06866,1.07743,5.84422,4.61487,0.79045,-145,-114,-287
14207,25.75446,101519.59375,-1.60476,-12.12467,3.41186,4.27380,6.43652,3.48778,0.36007,-125,-89,-298
14237,25.75281,101513.39844,-1.07166,-11.48540,3.82847,1.31446,5.86126,1.17396,1.32949,-92,-82,-275
14266,25.75347,101515.10156,-1.21821,-9.45983,2.11894,-3.92184,5.64820,1.18248,2.03259,-69,-87,-285
14296,25.75545,101514.21875,-1.14225,-8.62662,0.26577,-4.24507,4.94085,2.16255,1.54894,-48,-86,-274
14325,25.75426,101512.71094,-1.01250,-8.06635,-0.83321,-2.82286,4.54882,2.35218,0.75210,-29,-82,-269
14355,25.75268,101512.20312,-0.96880,-8.64098,-0.45970,-2.82286,4.81301,1.57238,-0.06179,240,-73,-255
14385,25.75222,101510.85938,-0.85317,-8.56197,-1.10616,-5.29377,5.97845,1.94736,0.02557,8,-69,-239
14414,25.75117,101512.33594,-0.98023,-6.98174,-2.59301,-6.48612,5.99123,2.68455,-0.15553,31,-64,-211
14444,25.75097,101516.71875,-1.35737,-6.96019,-3.03117,-7.16131,4.92593,2.47575,-0.61787,50,-69,-180
14473,25.75163,101518.57812,-1.51737,-7.33370,-3.23229,-6.82372,4.68091,2.68242,-1.16330,66,-49,-167
14503,25.75486,101516.25781,-1.31771,-7.37680,-2.40626,-6.46458,5.50759,2.88269,-1.15691,73,-41,-141
14532,25.75281,101515.88281,-1.28544,-6.01924,-2.31288,-7.70003,4.90037,2.88695,-0.68392,77,-32,-116
14562,25.75341,101516.17188,-1.31031,-5.94741,-3.82847,-6.87400,3.78820,2.60359,0.04687,84,-38,-98
14591,25.75321,101519.54688,-1.60073,-6.13416,-5.32968,-5.22194,3.67101,2.29465,0.87567,86,-41,-80
14621,25.75314,101516.03906,-1.29889,-4.42464,-7.49172,-6.76626,3.59005,1.97719,0.89485,80,-53,-62
14650,25.75222,101517.31250,-1.40846,-3.99367,-9.36645,-5.17884,2.43101,2.08159,0.19175,70,-70,-49
14680,25.75209,101515.96094,-1.29216,-4.58985,-10.76711,-3.79255,3.05314,1.96441,-0.52626,67,-65,-45
14709,25.75328,101520.80469,-1.70896,-4.25944,-10.05601,-4.49647,4.17809,1.42750,-1.49355,51,-55,-35
14739,25.75301,101517.40625,-1.41653,-3.79973,-8.60507,-5.26504,4.11418,1.45520,-1.72791,50,-52,-16
14768,25.75242,101519.29688,-1.57921,-2.91624,-9.04322,-5.25785,3.90538,1.81740,-1.34014,51,-48,-1
14798,25.75295,101518.25000,-1.48913,-2.64329,-10.14220,-3.29693,2.99988,1.92180,-1.16757,34,-49,10
14827,25.74998,101516.26562,-1.31838,-1.58741,-11.02569,-1.61614,3.67741,2.11568,-1.36145,36,-50,20
14857,25.75031,101520.85156,-1.71299,-1.37911,-9.99136,-0.33759,3.82868,2.38627,-1.84083,22,-58,38
14886,25.75044,101514.81250,-1.19334,-2.04712,-9.20125,1.27137,3.51548,2.01128,-1.54681,10,-53,46
14916,25.75262,101514.67969,-1.18191,-0.72547,-10.04882,2.03275,3.56022,1.64269,-1.43176,-254,-47,50
14946,25.75136,101513.85156,-1.11065,-0.12929,-10.05601,2.31288,4.13761,1.51698,-2.01767,-10,-45,68
14975,25.74991,101515.55469,-1.25721,-0.14366,-7.94424,0.03591,4.08648,1.85362,-2.17108,-23,-45,76
15005,25.74985,101516.47656,-1.33653,0.27295,-7.18286,3.26820,4.08222,3.15328,-2.31809,-44,-55,84
15034,25.74892,101519.14844,-1.56644,-0.80448,-6.09825,5.35123,4.21005,3.94160,-2.33087,-56,-67,71
15064,25.74160,101515.19531,-1.22628,-1.91782,-5.56672,7.30497,3.51122,3.69658,-2.69733,-75,-87,80
15093,25.75209,101513.78125,-1.10460,-2.05430,-2.60020,7.55637,4.47425,3.47713,-2.66324,-93,-100,56
15123,25.75512,101517.56250,-1.42998,-3.11018,-0.39506,8.26029,2.49066,3.02544,-1.49142,-97,-106,42
15152,25.75103,101518.91406,-1.54627,-1.97529,-4.15169,9.71841,0.23010,1.83018,-0.40481,-107,-117,37
15182,25.75242,101518.51562,-1.51199,-1.09898,-7.39835,6.85963,-1.63417,0.94811,-1.06317,-107,-115,21
15211,25.75130,101518.11719,-1.47771,-2.61456,-7.19723,9.14378,-1.29114,1.31245,-1.74070,-102,-122,11
15241,25.75163,101522.31250,-1.83870,-2.14049,-5.22912,6.38556,-1.02482,1.29966,-1.54681,-80,-120,5
15270,25.74905,101517.30469,-1.40779,-1.75980,-7.21878,4.78379,-4.47851,1.32523,-1.66826,-63,-129,-7
15300,25.74807,101516.00000,-1.29552,-3.51242,-9.34490,7.31934,-6.15316,1.21444,-1.35080,-37,-120,-48
15329,25.74998,101512.53906,-0.99771,-2.59301,-10.03446,7.77904,-4.95150,0.26206,-0.78193,248,-121,-77
15359,25.74978,101519.25781,-1.57585,-0.93377,-9.94826,3.02398,-4.42524,-0.96303,-0.66475,6,-119,-91
15388,25.75163,101521.06250,-1.73114,-1.14208,-10.88922,-1.45094,-5.07934,-1.18461,-0.74571,18,-113,-114
15418,25.75110,101519.16406,-1.56779,0.39506,-11.84454,-1.13489,-6.16807,-0.42186,-0.87994,24,-106,-136
15448,25.75031,101519.92188,-1.63299,0.50998,-10.93950,-3.45496,-5.29666,-0.21306,-1.18887,30,-104,-163
15477,25.75196,101517.79688,-1.45014,-0.87631,-9.73278,-1.46530,-4.17383,0.95024,-0.93959,31,-110,-187
15507,25.74701,101516.92969,-1.37552,-0.02873,-9.66095,-0.93377,-3.69232,0.53052,-0.55395,37,-104,-217
15536,25.75150,101519.86719,-1.62829,0.97687,-9.99136,-1.28573,-3.62627,-0.25780,-0.72227,19,-92,-230
15566,25.74912,101521.52344,-1.77080,0.66801,-8.06635,-3.77100,-2.37987,-1.15478,-0.81389,17,-94,-239
15595,25.74938,101517.30469,-1.40779,0.68237,-6.75907,-7.76467,-2.63768,-1.05251,-0.24928,14,-99,-244
15625,25.74985,101517.64062,-1.43670,-0.00718,-6.66570,-6.77344,-2.92104,-0.29189,-0.28124,-249,-101,-255
15654,25.75209,101516.81250,-1.36544,-0.38069,-7.02484,-4.71196,-3.08510,-0.84798,-0.36007,-1,-97,-256
15684,25.75024,101516.32812,-1.32376,-0.38787,-6.09825,-6.74471,-2.63981,-1.55746,-0.19815,-13,-104,-258
15713,25.74912,101519.18750,-1.56980,-0.00718,-6.18444,-11.24836,-2.46084,-1.16117,0.81815,-27,-108,-269
15743,25.75090,101518.96094,-1.55031,2.54273,-4.25944,-7.13258,-2.29039,-0.25567,1.01842,-43,-124,-270
15772,25.75143,101517.83594,-1.45350,-3.29693,-6.17726,-1.47967,2.15829,-1.93245,2.09224,-54,-132,-255
15802,25.75249,101515.81250,-1.27939,0.99123,-9.61785,-6.47894,5.17521,-2.00489,2.01128,-60,-142,-236
15831,25.75064,101518.75000,-1.53216,-0.68237,-5.63136,-8.12382,-1.39128,-1.82805,0.34090,-61,-145,-220
15861,25.75051,101518.17188,-1.48241,-2.48527,-6.74471,-7.62820,-4.86628,-2.61424,-0.85437,-58,-151,-216
15890,25.75176,101513.86719,-1.11200,-6.68006,-3.70636,-6.24191,-6.30869,-3.44730,-1.37423,-67,-158,-203
15920,25.74905,101518.63281,-1.52207,-7.07512,-0.22267,-11.16217,-2.96579,-3.09149,0.56248,-71,-165,-189
15950,25.75393,101518.78125,-1.53485,-5.27940,-1.45812,-9.40955,-2.07946,-1.31032,1.18674,-82,-172,-181
15979,25.75380,101515.32812,-1.23771,-3.28257,-3.57707,-15.85258,-5.21569,-0.08735,-0.43464,-89,-175,-183
16009,25.75380,101514.16406,-1.13754,-3.08863,-5.73192,-9.63940,-11.06844,0.20241,-2.84647,-100,-168,-201
16038,25.75393,101513.72656,-1.09989,-5.07110,-3.06708,-5.89713,-9.28300,0.66475,-3.86916,-97,-156,-229
16068,25.75301,101508.39062,-0.64072,-6.99611,-0.74702,1.79572,-3.45369,-0.11931,-3.67527,-87,-150,-240
16097,25.75262,101515.29688,-1.23502,-6.58668,3.85720,-7.01047,0.30041,-1.81314,-3.09575,-78,-143,-230
16127,25.75123,101511.57031,-0.91435,-8.78464,4.16606,-5.42306,-0.34516,-1.98571,-1.14626,-63,-144,-222
16156,25.75473,101512.50000,-0.99435,-8.07354,2.72949,-7.24032,0.09588,-1.20592,-0.23863,-52,-145,-213
16186,25.75314,101513.15625,-1.05082,-7.91551,2.12613,-7.82932,-0.37498,-0.69670,-0.35155,-48,-148,-204
16215,25.75288,101510.68750,-0.83838,-7.36962,2.97370,-7.68566,-0.46447,-0.31533,-0.58378,-44,-140,-202
16245,25.75400,101514.43750,-1.16107,-7.13976,2.65766,-6.81654,-0.39203,-0.17045,-0.45382,-41,-137,-205
16274,25.75532,101508.27344,-0.63064,-6.87400,2.34161,-6.55077,-0.31959,-0.08735,-0.44103,-41,-142,-194
16304,25.75295,101513.89062,-1.11401,-6.36402,2.26260,-6.65851,-0.24076,0.11718,-0.23223,-41,-139,-195
16333,25.75281,101513.86719,-1.11200,-6.17726,2.03275,-6.27782,-0.24928,0.38777,-0.47725,-35,-138,-206
16363,25.75440,101511.25781,-0.88745,-6.22036,1.19236,-5.68164,-0.42612,0.30041,-0.25141,-34,-134,-213
16392,25.75400,101511.17188,-0.88006,-6.62978,0.48125,-6.00487,-0.43038,0.00426,-0.33024,-32,-128,-215
16422,25.75328,101511.63281,-0.91972,-7.54200,0.75420,-5.77502,-0.56674,-0.08735,-0.71375,-31,-126,-216
16451,25.75163,101511.73438,-0.92846,-8.02326,1.44376,-6.21318,-0.72440,-0.37072,-1.29753,-30,-124,-215
16481,25.75196,101514.06250,-1.12880,-8.21719,2.03275,-5.60982,-1.00564,-0.59017,-1.42537,-25,-117,-209
16510,25.75275,101513.30469,-1.06359,-8.01607,2.08303,-5.45897,-0.74997,-0.86928,-1.06956,-19,-112,-200
16540,25.75037,101513.17188,-1.05216,-8.02326,1.68797,-5.38715,-0.81815,-0.67753,-0.56461,-15,-113,-210
16570,25.75347,101510.82031,-0.84981,-8.18128,0.83321,-5.04955,-0.54969,-0.49856,-0.24715,-16,-116,-212
16599,25.75130,101511.11719,-0.87535,-7.87960,0.80448,-5.33687,-0.14062,-0.53904,-0.48364,-12,-113,-206
16629,25.75255,101512.64062,-1.00645,-8.12382,0.99842,-5.66010,-0.15340,-0.59657,-0.81176,-19,-106,-209
16658,25.75084,101513.81250,-1.10729,-8.44705,1.55868,-5.99769,-0.34942,-0.39416,-0.90763,-19,-113,-199
16688,25.75044,101515.04688,-1.21351,-8.71281,2.04712,-5.59545,-0.20028,-0.34516,-0.64983,-12,-110,-201
16717,25.75242,101514.86719,-1.19805,-8.84929,1.94656,-5.27222,-0.17045,-0.14701,-0.20028,-12,-110,-183
16747,25.75097,101511.66406,-0.92241,-9.08632,1.72389,-5.29377,-0.12997,-0.01918,0.01918,-13,-106,-201
16776,25.75341,101512.90625,-1.02931,-9.24434,1.73825,-5.26504,-0.17897,-0.05326,-0.08735,-8,-104,-202
16806,25.75216,101514.42188,-1.15973,-9.04322,1.40066,-5.32250,-0.17897,-0.01918,-0.02344,-13,-111,-200
16835,25.75334,101513.90625,-1.11536,-8.81337,1.15644,-5.77502,-0.15766,0.17045,-0.01278,-7,-106,-198
16865,25.75387,101510.83594,-0.85115,-8.77746,0.96969,-5.08547,-0.03835,0.25354,-0.16193,-15,-105,-204
16894,25.75360,101511.39844,-0.89956,-8.73436,1.32165,-5.35123,0.25141,0.08309,-0.02557,-8,-103,-203
16924,25.75249,101515.26562,-1.23233,-8.49014,1.32165,-5.50207,-0.08096,0.14701,-0.03622,-16,-104,-187
